Age,Gender,Province,VehicleType,TotalPremium,TotalClaims,LossRatio
56,Male,ON,Van,1810.29,5869.37,3.24
69,Male,BC,Sedan,1325.0,5809.5,4.38
46,Male,MB,Van,1705.4,9906.79,5.81
32,Female,MB,SUV,1972.82,7567.3,3.84
60,Male,QC,Truck,790.29,4422.94,5.6
25,Male,BC,Van,1933.93,7073.97,3.66
38,Male,QC,Van,962.12,3892.3,4.05
56,Female,BC,Van,955.37,2288.75,2.4
36,Female,QC,SUV,878.66,5968.52,6.79
40,Male,MB,Van,1220.39,9281.82,7.61
28,Male,MB,SUV,562.05,9291.4,16.53
28,Male,ON,SUV,1241.31,3419.05,2.75
41,Male,QC,SUV,1220.9,5276.77,4.32
53,Female,AB,Truck,1595.23,2116.36,1.33
57,Female,ON,Truck,1717.2,9956.31,5.8
41,Female,QC,Van,1048.75,9811.18,9.36
20,Female,QC,Van,813.97,6495.09,7.98
39,Male,ON,Truck,740.87,8044.14,10.86
19,Male,MB,Sedan,630.86,7151.0,11.34
41,Male,QC,Truck,398.0,5931.58,14.9
61,Female,MB,SUV,882.16,533.48,0.6
47,Male,ON,Truck,759.42,4547.64,5.99
55,Female,MB,SUV,1942.91,6747.86,3.47
19,Female,BC,Van,1248.11,6775.32,5.43
38,Male,AB,Sedan,890.37,3731.23,4.19
50,Male,QC,Van,1286.79,9416.92,7.32
29,Male,AB,SUV,536.63,1673.57,3.12
39,Female,MB,SUV,1054.87,5003.59,4.74
61,Male,QC,SUV,1364.6,6908.84,5.06
42,Female,MB,Sedan,1131.13,6971.36,6.16
66,Male,BC,Truck,983.02,6486.39,6.6
44,Female,ON,Van,1989.54,2752.88,1.38
59,Female,QC,Van,1796.54,1562.07,0.87
45,Male,BC,Truck,1359.79,6359.4,4.68
33,Female,BC,Van,1267.94,5993.02,4.73
32,Female,QC,Sedan,1355.12,1793.56,1.32
64,Male,MB,Van,642.23,7051.39,10.98
68,Female,BC,SUV,971.73,4551.72,4.68
61,Male,AB,Truck,367.08,6677.61,18.19
69,Female,BC,Sedan,1108.43,8373.67,7.55
20,Male,MB,Truck,1223.14,1697.28,1.39
54,Male,MB,Sedan,687.17,191.45,0.28
68,Female,AB,SUV,1938.85,7791.03,4.02
24,Female,BC,Truck,1846.07,6096.97,3.3
38,Female,MB,Van,1527.64,6996.4,4.58
26,Female,QC,Sedan,1206.76,8381.55,6.95
56,Female,ON,Truck,1778.95,8028.11,4.51
35,Male,ON,Van,522.11,9609.2,18.4
21,Female,ON,Truck,1643.87,5359.35,3.26
42,Male,BC,Truck,512.2,4884.96,9.54
31,Male,AB,Truck,1650.16,4018.87,2.44
67,Female,MB,Sedan,768.8,1536.91,2.0
26,Male,QC,Van,1791.05,5726.07,3.2
43,Male,QC,SUV,1904.87,2770.13,1.45
19,Male,BC,Sedan,552.95,9213.08,16.66
37,Male,ON,Sedan,1086.55,5831.91,5.37
45,Female,BC,Sedan,1967.68,5928.4,3.01
64,Male,AB,SUV,1121.79,3549.25,3.16
24,Female,AB,Van,1768.03,519.89,0.29
61,Female,MB,Van,1300.84,317.44,0.24
25,Male,MB,Van,938.06,4233.35,4.51
64,Female,AB,Truck,785.83,845.65,1.08
52,Female,AB,Truck,645.48,6068.47,9.4
31,Female,AB,Truck,1595.06,8809.73,5.52
34,Male,BC,SUV,957.12,8829.15,9.22
53,Female,AB,Truck,1169.17,6590.45,5.64
67,Female,QC,SUV,1136.95,2112.32,1.86
57,Female,ON,Van,1281.37,8629.97,6.73
21,Male,AB,Truck,1771.48,8860.93,5.0
19,Female,ON,Truck,1967.26,1966.54,1.0
23,Male,BC,Sedan,992.89,7374.26,7.43
59,Male,ON,SUV,1706.78,2865.2,1.68
21,Male,BC,Van,1599.7,8026.4,5.02
46,Male,QC,Sedan,1275.0,9972.38,7.82
35,Male,BC,Sedan,1925.28,300.26,0.16
43,Male,BC,Van,640.81,8973.66,14.0
61,Female,MB,Sedan,485.75,6226.31,12.82
51,Male,AB,SUV,1751.74,9733.83,5.56
27,Female,AB,SUV,1046.55,4650.1,4.44
53,Female,QC,Truck,1739.85,8473.88,4.87
31,Male,QC,Sedan,1818.25,623.94,0.34
48,Female,AB,Truck,406.18,3352.79,8.25
65,Female,MB,Sedan,1801.89,670.17,0.37
32,Female,AB,SUV,1062.14,9753.43,9.18
25,Female,MB,SUV,1167.74,8169.74,7.0
31,Male,QC,SUV,1365.21,8525.47,6.24
40,Female,ON,Sedan,1874.85,9379.65,5.0
57,Male,QC,SUV,332.5,851.03,2.56
38,Female,QC,Sedan,1110.63,3855.98,3.47
33,Female,BC,Truck,1469.13,710.35,0.48
62,Male,BC,Sedan,1528.6,2107.93,1.38
35,Female,BC,Truck,1477.31,2293.66,1.55
64,Female,BC,Sedan,528.54,4691.07,8.88
41,Female,MB,Truck,808.97,2685.62,3.32
43,Male,AB,SUV,909.82,1009.78,1.11
42,Female,ON,Truck,1667.54,1674.91,1.0
62,Male,QC,SUV,773.89,1472.76,1.9
58,Female,MB,SUV,658.2,9730.77,14.78
46,Male,ON,Truck,1927.66,7592.93,3.94
32,Male,MB,Sedan,315.07,9677.61,30.72
62,Female,MB,Sedan,1996.3,4397.4,2.2
18,Female,QC,Van,1450.6,2783.68,1.92
42,Male,AB,Sedan,1708.4,7982.93,4.67
24,Male,BC,Van,800.85,3262.54,4.07
26,Female,AB,Sedan,324.34,2993.83,9.23
41,Male,QC,Sedan,1554.38,2325.06,1.5
18,Female,QC,SUV,1718.05,1296.79,0.75
61,Female,QC,Van,1558.81,2564.63,1.65
25,Female,ON,Sedan,542.85,3553.2,6.55
41,Female,AB,Van,1580.83,6739.94,4.26
28,Male,AB,SUV,1607.17,625.65,0.39
68,Female,MB,SUV,1419.52,2105.07,1.48
34,Male,MB,Van,1602.4,8090.24,5.05
25,Female,MB,SUV,1738.07,1469.22,0.85
52,Male,QC,Truck,1343.13,3426.45,2.55
52,Female,AB,Truck,450.63,8646.59,19.19
50,Male,QC,SUV,1128.97,1549.25,1.37
22,Male,ON,Truck,432.0,827.37,1.92
59,Female,MB,Sedan,992.82,4845.38,4.88
56,Female,QC,Van,992.08,3024.2,3.05
58,Female,QC,Sedan,412.22,5634.08,13.67
45,Female,ON,Van,892.99,8038.05,9.0
24,Male,BC,SUV,488.7,1371.48,2.81
26,Female,AB,Sedan,1674.0,5806.99,3.47
25,Male,BC,SUV,1911.07,5055.09,2.65
29,Male,MB,SUV,422.94,1440.79,3.41
51,Female,QC,Van,1923.7,6239.98,3.24
50,Male,ON,Van,1188.38,2736.4,2.3
65,Male,ON,Van,809.26,4878.34,6.03
40,Male,AB,Sedan,430.67,822.72,1.91
41,Male,BC,Truck,1151.06,4595.84,3.99
54,Female,AB,Van,1650.68,3064.63,1.86
52,Female,QC,Van,1502.05,8223.81,5.48
61,Female,AB,Sedan,385.38,569.79,1.48
57,Female,ON,Van,423.93,4186.07,9.87
39,Male,ON,Sedan,984.88,4584.31,4.65
44,Male,MB,SUV,801.99,7250.06,9.04
52,Female,MB,Van,695.05,5742.88,8.26
18,Female,QC,Van,777.71,6672.12,8.58
52,Female,BC,SUV,1665.92,7770.49,4.66
54,Male,AB,SUV,1879.69,8622.03,4.59
64,Female,QC,SUV,988.67,3138.75,3.17
31,Female,MB,Van,1840.39,5380.23,2.92
20,Female,AB,Truck,846.54,8401.08,9.92
18,Male,MB,Truck,1109.94,9894.51,8.91
22,Male,AB,Truck,684.25,8895.19,13.0
43,Male,BC,Van,1388.81,3714.67,2.67
31,Male,QC,SUV,1964.27,1951.67,0.99
56,Male,AB,Van,1325.94,4893.93,3.69
44,Male,ON,SUV,908.28,7416.41,8.17
26,Male,ON,Van,1401.29,4925.69,3.52
32,Male,AB,Van,508.97,4831.81,9.49
32,Female,AB,SUV,1810.72,8382.3,4.63
43,Female,AB,Truck,1155.24,3614.04,3.13
59,Male,ON,SUV,1063.89,8597.95,8.08
30,Male,ON,Sedan,1295.97,4068.05,3.14
68,Female,AB,Sedan,1362.13,3282.33,2.41
49,Male,MB,SUV,422.02,4539.9,10.76
56,Male,MB,Van,1460.45,7624.47,5.22
66,Male,BC,Sedan,711.28,1260.02,1.77
69,Female,QC,Sedan,1513.72,1964.19,1.3
49,Female,MB,Van,1698.31,9514.45,5.6
21,Female,ON,Van,1666.73,1754.92,1.05
47,Female,MB,Truck,1239.25,5677.27,4.58
54,Female,BC,Van,1184.29,5793.14,4.89
40,Male,BC,SUV,542.89,4896.24,9.02
56,Female,QC,SUV,1618.09,6447.45,3.98
62,Male,MB,Truck,761.4,2298.27,3.02
32,Male,ON,Sedan,1144.38,5526.62,4.83
60,Female,ON,Sedan,783.27,3721.73,4.75
46,Female,AB,Van,527.51,6616.67,12.54
53,Male,ON,SUV,1370.25,1412.24,1.03
30,Male,QC,Sedan,392.36,5708.77,14.55
49,Male,QC,Truck,1572.7,1852.7,1.18
24,Female,ON,Truck,839.9,2786.43,3.32
68,Female,ON,SUV,300.23,2187.1,7.28
39,Female,AB,Truck,1168.92,1828.38,1.56
45,Female,ON,Truck,379.65,8257.11,21.75
19,Female,AB,SUV,769.49,2857.08,3.71
59,Male,AB,Van,1501.86,9271.24,6.17
62,Female,ON,Van,406.57,9699.27,23.86
23,Male,BC,Truck,1726.88,5712.6,3.31
45,Male,BC,Van,306.49,1430.01,4.67
45,Male,AB,Van,719.6,3745.48,5.2
61,Female,ON,Truck,1559.54,7977.32,5.12
61,Female,BC,Van,837.66,3673.91,4.39
37,Female,ON,Truck,473.22,870.17,1.84
47,Male,ON,Sedan,912.4,5567.85,6.1
28,Male,ON,SUV,759.67,8451.21,11.12
45,Male,MB,SUV,1732.61,7959.26,4.59
42,Male,ON,Van,832.69,1751.23,2.1
56,Male,MB,Van,1641.19,6727.65,4.1
50,Male,AB,Van,1816.18,2205.04,1.21
18,Female,BC,SUV,1037.49,2182.08,2.1
44,Female,BC,Sedan,1846.9,8740.72,4.73
69,Female,BC,Sedan,941.44,2496.69,2.65
30,Female,BC,SUV,1938.93,2632.47,1.36
58,Male,BC,Sedan,451.79,6.53,0.01
20,Male,BC,SUV,1467.93,8706.69,5.93
56,Female,BC,Sedan,1139.48,7925.95,6.96
23,Male,AB,Truck,959.0,6273.29,6.54
25,Female,ON,Truck,1375.61,7502.66,5.45
44,Female,QC,SUV,1496.56,1520.49,1.02
26,Female,MB,Sedan,307.42,4583.24,14.91
54,Male,QC,Van,583.82,3512.19,6.02
50,Female,QC,Sedan,1512.18,937.77,0.62
68,Female,ON,Truck,1432.86,4861.3,3.39
59,Female,ON,Truck,1942.28,9207.4,4.74
61,Male,ON,Sedan,1593.76,400.59,0.25
41,Male,BC,Sedan,1916.31,2914.61,1.52
32,Female,AB,Van,1494.32,2075.41,1.39
49,Male,BC,Van,806.69,2381.47,2.95
49,Male,AB,Sedan,479.12,9084.35,18.96
41,Male,AB,Sedan,1629.1,4680.69,2.87
58,Male,QC,Sedan,1395.05,4662.99,3.34
69,Male,QC,Sedan,381.92,7605.76,19.91
66,Male,AB,SUV,912.09,1544.92,1.69
66,Male,AB,Sedan,1926.56,4872.65,2.53
69,Male,BC,Van,1150.68,4299.85,3.74
29,Male,BC,Truck,1035.64,5969.11,5.76
56,Male,QC,SUV,1078.09,9995.58,9.27
19,Female,ON,Sedan,655.1,7694.49,11.75
20,Female,AB,Truck,926.8,3978.66,4.29
66,Male,BC,SUV,928.68,8275.53,8.91
54,Female,QC,Truck,389.0,1707.08,4.39
66,Female,BC,Sedan,1604.86,304.64,0.19
34,Male,AB,Sedan,1008.06,2044.48,2.03
66,Male,AB,Van,1697.71,3404.12,2.01
19,Male,MB,Sedan,1745.59,5105.81,2.92
19,Female,ON,Sedan,660.39,6151.29,9.31
45,Female,MB,SUV,1417.5,9106.06,6.42
40,Male,QC,Van,1102.88,5098.54,4.62
54,Male,BC,SUV,1796.27,5012.76,2.79
49,Male,QC,Truck,666.76,502.43,0.75
50,Female,AB,Sedan,1452.28,349.12,0.24
18,Female,MB,Truck,1333.18,5511.6,4.13
36,Female,MB,SUV,802.01,4381.79,5.46
19,Female,MB,Sedan,532.22,8391.8,15.77
61,Male,QC,Sedan,1407.79,1606.8,1.14
43,Male,AB,SUV,1555.62,249.72,0.16
49,Male,BC,SUV,836.57,4490.39,5.37
23,Male,BC,SUV,1396.22,2374.79,1.7
49,Female,QC,SUV,971.72,496.14,0.51
21,Female,MB,SUV,1512.45,7245.98,4.79
28,Male,ON,Sedan,638.67,1115.93,1.75
34,Male,QC,SUV,1813.37,6083.2,3.35
55,Female,QC,Sedan,788.6,2810.5,3.56
41,Male,AB,Sedan,925.24,1734.96,1.88
22,Female,BC,SUV,398.76,3797.52,9.52
69,Male,QC,SUV,489.57,8014.46,16.37
51,Male,QC,Van,1176.97,3920.94,3.33
23,Male,MB,Sedan,754.91,7507.7,9.95
39,Male,MB,SUV,1720.32,1254.86,0.73
28,Male,ON,SUV,324.98,7727.71,23.78
65,Male,AB,SUV,944.46,2369.33,2.51
33,Male,ON,Van,873.49,6773.93,7.76
50,Female,MB,Van,332.86,5657.82,17.0
26,Female,BC,Truck,511.43,9291.45,18.17
23,Female,MB,Sedan,1003.19,3873.23,3.86
33,Female,AB,Truck,1137.87,661.65,0.58
46,Female,MB,SUV,987.29,191.55,0.19
20,Male,AB,Van,1202.59,8268.59,6.88
37,Male,AB,Van,1311.72,5247.36,4.0
53,Female,AB,Truck,316.87,7752.44,24.47
36,Male,AB,Van,1088.96,2344.26,2.15
43,Female,AB,SUV,1937.95,3450.84,1.78
20,Female,BC,Van,1182.35,301.04,0.25
36,Male,ON,Truck,1451.82,9614.92,6.62
37,Male,QC,SUV,830.17,6678.68,8.04
49,Male,ON,Truck,1615.79,9332.05,5.78
24,Female,AB,Van,1613.97,2654.96,1.64
69,Male,BC,Truck,1186.2,6114.64,5.15
58,Female,MB,Truck,1959.22,6785.0,3.46
50,Female,BC,Sedan,513.44,3175.5,6.18
57,Female,AB,Van,328.81,8481.09,25.79
56,Male,BC,Van,1609.27,9471.61,5.89
35,Male,BC,Truck,1672.16,8848.55,5.29
57,Female,AB,Sedan,504.35,7390.67,14.65
18,Male,BC,Van,751.49,2774.65,3.69
28,Male,QC,SUV,329.84,2816.16,8.54
45,Male,QC,Truck,798.62,9633.6,12.06
42,Female,BC,Van,1614.34,102.84,0.06
67,Female,MB,SUV,1180.53,7160.5,6.07
40,Male,AB,Van,891.76,7062.46,7.92
48,Female,QC,SUV,931.96,6226.9,6.68
47,Male,MB,Truck,302.3,9901.09,32.75
59,Male,BC,Van,809.66,3118.79,3.85
52,Male,MB,Van,1398.98,3399.72,2.43
24,Male,ON,Sedan,1956.13,789.39,0.4
33,Female,QC,Truck,1740.0,4427.98,2.54
43,Female,BC,SUV,340.11,2610.49,7.68
65,Female,AB,Van,1827.55,3433.87,1.88
69,Male,BC,Van,1631.44,8345.72,5.12
66,Male,AB,SUV,1626.64,9354.85,5.75
19,Male,BC,Truck,1078.59,1857.33,1.72
18,Female,MB,Sedan,976.61,3725.09,3.81
65,Male,MB,Sedan,814.96,9286.31,11.39
29,Female,MB,Van,411.68,618.08,1.5
22,Female,ON,SUV,688.0,923.61,1.34
54,Female,AB,Van,719.23,1627.91,2.26
49,Female,MB,SUV,1122.93,5952.13,5.3
26,Female,ON,Sedan,1570.66,1504.72,0.96
58,Female,AB,Truck,1105.48,9680.76,8.76
52,Male,BC,SUV,398.34,4467.15,11.21
36,Male,ON,Sedan,1928.24,5015.18,2.6
65,Female,QC,Van,1902.63,2466.59,1.3
33,Female,ON,SUV,1634.82,4709.6,2.88
20,Male,ON,Truck,1985.26,6619.14,3.33
37,Female,AB,Van,1225.62,7511.77,6.13
41,Female,BC,Van,1936.71,7538.68,3.89
50,Male,QC,Sedan,428.53,5778.91,13.49
41,Female,MB,SUV,921.66,9043.6,9.81
69,Female,MB,Van,683.15,8174.08,11.97
28,Female,ON,Truck,632.92,7570.48,11.96
66,Male,AB,SUV,539.37,556.06,1.03
25,Male,AB,Truck,1358.1,68.78,0.05
53,Male,MB,Van,1628.25,2124.47,1.3
55,Female,QC,Truck,1283.11,6635.24,5.17
57,Female,BC,Sedan,549.84,4111.97,7.48
37,Male,QC,Truck,1678.91,4024.06,2.4
52,Female,BC,SUV,1381.12,8845.87,6.4
65,Female,MB,Truck,959.88,8955.63,9.33
42,Female,BC,Truck,1446.02,9091.75,6.29
52,Female,AB,Sedan,741.84,3138.78,4.23
42,Female,ON,Truck,886.83,6910.56,7.79
46,Male,ON,Truck,1859.73,2716.33,1.46
35,Female,MB,Van,793.86,1906.1,2.4
63,Male,AB,Van,1098.98,1846.32,1.68
35,Female,QC,SUV,1813.24,3421.08,1.89
19,Male,AB,Van,1503.13,4299.58,2.86
52,Female,ON,Van,405.75,8309.49,20.48
33,Male,ON,Van,550.42,1198.91,2.18
58,Female,AB,Van,313.33,7349.26,23.46
53,Male,AB,Sedan,1372.57,5314.55,3.87
50,Female,ON,Van,1061.04,2879.45,2.71
21,Male,QC,Sedan,528.27,4928.2,9.33
50,Female,MB,Sedan,1928.49,2999.42,1.56
31,Male,MB,Van,1200.42,5960.82,4.97
38,Male,AB,Truck,711.22,4338.44,6.1
65,Female,MB,Sedan,1151.03,1644.06,1.43
37,Female,ON,Truck,1455.35,1165.83,0.8
25,Male,ON,Truck,429.61,5466.96,12.73
24,Female,AB,Van,767.0,9024.13,11.77
20,Male,AB,SUV,1671.84,3439.58,2.06
34,Male,AB,Van,1081.43,7330.0,6.78
50,Male,QC,SUV,1229.18,6586.61,5.36
65,Female,MB,SUV,1035.79,9315.55,8.99
29,Male,AB,Van,374.63,8209.81,21.91
68,Male,BC,Van,581.77,5666.05,9.74
39,Female,BC,SUV,1057.42,6570.3,6.21
39,Female,ON,Van,655.62,8983.86,13.7
63,Female,MB,SUV,384.96,3995.19,10.38
47,Female,AB,Truck,1734.2,3267.95,1.88
55,Male,BC,Van,1968.03,108.11,0.05
55,Male,MB,Truck,1648.34,8265.51,5.01
62,Male,ON,Sedan,1751.43,8009.81,4.57
68,Male,QC,Truck,711.36,1044.55,1.47
25,Female,MB,Truck,1933.07,5768.57,2.98
44,Male,MB,SUV,634.77,4639.82,7.31
44,Male,QC,Truck,1917.43,1187.09,0.62
51,Female,MB,Van,1991.19,9805.68,4.92
38,Male,ON,SUV,1509.93,2146.96,1.42
47,Male,ON,Sedan,1967.94,672.34,0.34
50,Male,QC,Van,1268.22,5948.47,4.69
45,Male,AB,Sedan,741.22,7388.67,9.97
64,Male,BC,Truck,1042.89,324.43,0.31
50,Male,AB,Van,1309.05,6587.18,5.03
22,Female,MB,Van,424.24,5322.92,12.55
65,Female,BC,Sedan,1357.98,1032.65,0.76
36,Male,QC,Van,1968.0,1725.24,0.88
21,Male,QC,Van,623.18,5679.74,9.11
52,Female,BC,Van,1647.41,2963.58,1.8
66,Male,ON,Truck,1843.43,9383.16,5.09
34,Male,BC,Sedan,1904.29,8187.4,4.3
61,Male,MB,Van,1932.23,9835.67,5.09
45,Female,ON,SUV,1186.48,2596.71,2.19
47,Male,QC,SUV,1961.42,9697.24,4.94
46,Female,BC,SUV,1587.43,4312.34,2.72
63,Male,AB,SUV,574.84,3475.19,6.05
23,Female,AB,Truck,1110.73,503.5,0.45
52,Female,MB,Van,1521.16,527.65,0.35
58,Male,AB,Sedan,720.48,6920.11,9.6
54,Female,BC,Van,1389.05,4579.29,3.3
41,Male,BC,Truck,1433.22,2265.22,1.58
46,Female,AB,SUV,576.59,6139.7,10.65
66,Male,BC,Truck,1260.65,2528.58,2.01
63,Male,MB,Van,1611.77,5776.32,3.58
48,Female,ON,Sedan,1148.12,3592.09,3.13
52,Male,MB,Truck,320.58,8235.52,25.69
50,Male,MB,Sedan,315.37,8206.96,26.02
69,Female,BC,Truck,906.95,4773.5,5.26
38,Male,ON,Sedan,1874.53,3508.19,1.87
49,Male,BC,Sedan,688.75,3625.6,5.26
40,Female,QC,SUV,1378.42,8057.15,5.85
50,Female,BC,Sedan,677.53,3281.79,4.84
20,Male,BC,SUV,846.84,2090.59,2.47
35,Male,BC,Van,1741.67,846.88,0.49
42,Female,ON,Van,1539.06,4666.93,3.03
59,Female,BC,SUV,462.18,4821.32,10.43
48,Male,ON,SUV,1028.79,8409.09,8.17
20,Female,AB,Truck,349.59,2212.39,6.33
57,Male,QC,Truck,1117.51,3809.91,3.41
63,Male,ON,Truck,1426.14,8084.06,5.67
41,Male,AB,Van,501.45,8236.24,16.42
67,Male,ON,Truck,791.1,3846.11,4.86
49,Male,ON,Sedan,976.32,4591.24,4.7
64,Female,QC,Sedan,1863.2,3032.86,1.63
39,Female,MB,Truck,1988.53,9325.55,4.69
40,Female,MB,Sedan,376.35,1186.44,3.15
19,Female,ON,Van,1593.71,9337.49,5.86
44,Male,BC,Sedan,931.93,6838.66,7.34
59,Male,AB,Van,967.18,5315.72,5.5
19,Male,BC,SUV,1582.25,326.59,0.21
43,Male,BC,SUV,1861.32,4755.96,2.56
34,Female,ON,SUV,1916.58,4077.48,2.13
57,Male,ON,SUV,1281.11,1612.19,1.26
50,Male,ON,Sedan,907.11,6564.1,7.24
26,Female,ON,Truck,1638.83,9711.51,5.93
60,Female,MB,Sedan,726.7,5621.89,7.74
65,Female,ON,Van,1258.93,7147.53,5.68
56,Female,MB,Sedan,909.58,684.5,0.75
46,Male,MB,Sedan,1416.27,4176.67,2.95
59,Male,ON,Van,708.68,1163.58,1.64
43,Female,QC,SUV,625.71,6127.96,9.79
52,Male,AB,SUV,1861.01,9384.82,5.04
67,Male,BC,SUV,473.07,6617.78,13.99
42,Male,MB,Truck,1160.13,768.03,0.66
41,Female,AB,Van,675.45,3546.66,5.25
30,Male,QC,Van,366.18,5506.63,15.04
24,Female,BC,Sedan,361.23,4032.08,11.16
53,Male,BC,Truck,597.88,8336.44,13.94
62,Male,MB,SUV,1773.51,8146.71,4.59
37,Male,ON,Truck,780.21,6118.31,7.84
18,Female,QC,Van,1915.78,3734.58,1.95
25,Male,MB,Van,1288.76,2553.36,1.98
63,Female,QC,Sedan,1042.24,1058.74,1.02
33,Female,ON,Sedan,1286.15,3548.98,2.76
31,Female,ON,Van,1178.39,4131.73,3.51
29,Male,MB,SUV,1589.92,6758.23,4.25
68,Male,ON,SUV,780.24,6581.6,8.44
40,Male,AB,Truck,900.19,701.08,0.78
32,Male,BC,Van,1819.96,3952.59,2.17
45,Female,MB,Van,1908.98,1817.79,0.95
51,Female,QC,SUV,1817.35,1568.13,0.86
19,Female,AB,SUV,1013.06,8273.02,8.17
49,Male,MB,Van,1626.62,419.15,0.26
40,Female,ON,Sedan,1109.77,4191.83,3.78
39,Male,ON,Van,1145.82,1682.04,1.47
68,Female,ON,Van,647.96,8793.3,13.57
42,Male,ON,SUV,1304.92,5570.41,4.27
39,Male,QC,SUV,616.43,2313.81,3.75
39,Female,AB,Sedan,863.66,5024.27,5.82
66,Female,BC,Sedan,1753.55,7314.86,4.17
69,Female,QC,Truck,652.03,9581.18,14.69
59,Female,QC,Van,420.97,2204.46,5.24
23,Male,BC,SUV,417.31,8861.82,21.24
32,Female,BC,Sedan,1899.33,9343.04,4.92
60,Female,ON,Truck,1161.76,9164.21,7.89
54,Female,QC,Truck,996.0,6354.14,6.38
50,Male,MB,SUV,1678.49,6298.21,3.75
25,Male,BC,SUV,1720.9,4032.11,2.34
61,Female,BC,Truck,864.72,7523.98,8.7
61,Male,AB,Sedan,1479.15,5312.94,3.59
22,Female,MB,Truck,1610.91,6774.38,4.21
56,Male,MB,Van,1412.91,4284.58,3.03
21,Male,BC,Van,557.71,7314.96,13.12
23,Male,ON,SUV,1789.0,8244.72,4.61
62,Male,AB,Sedan,1216.46,1464.36,1.2
49,Female,MB,Sedan,780.2,8329.3,10.68
69,Female,BC,Van,1022.89,5402.97,5.28
47,Female,MB,Truck,363.87,8446.66,23.21
64,Male,AB,SUV,517.37,4313.02,8.34
52,Female,AB,Truck,1601.43,3790.4,2.37
57,Female,QC,Truck,300.02,9150.61,30.5
69,Female,BC,Truck,1008.16,2511.69,2.49
33,Male,AB,Sedan,1188.27,8442.12,7.1
30,Male,QC,Van,392.88,4840.21,12.32
67,Male,QC,Sedan,1954.23,5140.95,2.63
59,Female,MB,Van,684.41,3084.68,4.51
47,Female,MB,SUV,817.14,5730.42,7.01
36,Female,QC,SUV,816.7,3252.11,3.98
34,Male,MB,Truck,691.71,392.69,0.57
36,Male,AB,Van,302.51,2719.99,8.99
45,Female,ON,Van,1539.89,63.79,0.04
43,Male,AB,Van,1943.64,9783.55,5.03
54,Male,QC,Truck,681.3,9657.47,14.18
43,Male,QC,Truck,1427.18,3951.55,2.77
40,Male,AB,SUV,1561.22,7283.71,4.67
26,Female,MB,Sedan,1742.32,3458.06,1.98
29,Male,MB,Van,1018.47,6710.93,6.59
18,Male,QC,Van,814.98,8054.3,9.88
18,Male,BC,Sedan,853.0,9467.56,11.1
64,Male,MB,Van,1511.46,4002.12,2.65
51,Female,AB,Truck,1688.53,7832.98,4.64
49,Female,MB,Truck,608.74,2659.28,4.37
65,Male,AB,Van,930.6,9903.32,10.64
42,Male,QC,Truck,1833.3,257.7,0.14
57,Male,MB,Truck,1671.38,6035.29,3.61
62,Male,AB,Van,1974.26,6595.06,3.34
18,Male,QC,SUV,1582.22,6880.46,4.35
33,Male,BC,Sedan,968.43,1203.88,1.24
56,Female,AB,Truck,1304.08,9385.3,7.2
22,Male,BC,SUV,1423.72,1811.83,1.27
39,Female,BC,Truck,433.37,6227.53,14.37
46,Female,ON,Truck,1225.64,2226.76,1.82
20,Male,MB,Sedan,1505.85,3072.16,2.04
29,Female,AB,Truck,584.45,5464.59,9.35
43,Female,BC,Sedan,1627.07,4171.93,2.56
33,Female,ON,Sedan,1292.41,1602.26,1.24
68,Female,QC,Sedan,1918.78,1709.36,0.89
54,Female,AB,SUV,372.12,4181.45,11.24
39,Female,BC,Van,751.05,7572.83,10.08
46,Male,MB,SUV,1322.64,8979.65,6.79
31,Female,ON,Van,804.15,841.28,1.05
45,Female,BC,Van,1514.52,3931.04,2.6
22,Female,MB,Sedan,1590.31,1002.46,0.63
64,Male,BC,Truck,474.28,165.92,0.35
66,Female,AB,Sedan,1173.55,6617.19,5.64
47,Male,AB,Truck,1165.11,6024.49,5.17
63,Female,AB,Van,927.78,1630.19,1.76
69,Male,ON,Sedan,1885.97,2338.13,1.24
22,Male,AB,Truck,1706.76,237.08,0.14
29,Female,MB,SUV,1485.26,8349.47,5.62
33,Female,BC,Truck,1514.36,9746.91,6.44
43,Male,QC,Sedan,1084.92,1354.6,1.25
43,Female,MB,SUV,1865.69,2314.75,1.24
65,Male,MB,Truck,1480.81,8684.1,5.86
38,Male,AB,Truck,1539.27,9264.64,6.02
56,Male,ON,Truck,1764.87,4196.27,2.38
53,Male,BC,Truck,765.92,506.22,0.66
50,Male,ON,Truck,1672.02,393.92,0.24
47,Female,BC,SUV,631.91,5739.5,9.08
54,Male,BC,Van,887.08,3928.95,4.43
40,Male,ON,SUV,870.54,286.52,0.33
27,Female,MB,SUV,1963.49,5832.52,2.97
22,Male,BC,SUV,1756.11,113.03,0.06
53,Female,ON,Van,1491.99,7873.72,5.28
51,Female,BC,Sedan,1536.0,3064.33,2.0
69,Female,QC,Van,1255.52,402.58,0.32
48,Male,MB,SUV,1910.05,5883.52,3.08
27,Male,AB,Truck,1143.64,3976.84,3.48
36,Male,BC,Truck,946.88,9738.0,10.28
49,Female,QC,SUV,577.16,5441.99,9.43
18,Male,AB,Truck,1636.55,2752.39,1.68
22,Female,AB,SUV,1548.55,7094.39,4.58
62,Male,BC,Truck,953.4,2714.92,2.85
21,Female,ON,Van,342.83,9042.43,26.38
33,Male,BC,Sedan,1726.3,3747.22,2.17
41,Male,QC,Sedan,319.41,5498.69,17.22
33,Male,AB,Van,1496.29,505.73,0.34
19,Female,BC,Van,1949.44,4261.21,2.19
66,Female,ON,SUV,1044.02,8323.64,7.97
45,Male,BC,SUV,699.45,8056.49,11.52
49,Male,MB,SUV,1498.28,2243.19,1.5
44,Female,ON,Truck,1689.12,2260.79,1.34
37,Female,QC,SUV,1228.93,8173.05,6.65
41,Female,AB,Van,1943.96,9303.98,4.79
29,Male,BC,Sedan,387.84,953.61,2.46
67,Female,ON,Truck,1158.15,4500.59,3.89
52,Male,MB,SUV,1521.37,3374.54,2.22
50,Female,ON,Truck,1766.49,8706.88,4.93
50,Male,MB,Truck,604.73,835.25,1.38
68,Female,QC,SUV,1660.01,2111.26,1.27
60,Female,AB,Truck,1239.6,7524.68,6.07
54,Female,QC,Sedan,974.14,512.94,0.53
29,Female,BC,Van,523.92,4925.35,9.4
20,Female,ON,Van,1771.0,4421.07,2.5
18,Male,MB,Sedan,567.36,3344.01,5.89
50,Female,MB,Truck,826.64,3945.72,4.77
57,Female,ON,SUV,793.08,5299.41,6.68
27,Female,ON,Truck,1781.4,1613.67,0.91
60,Male,BC,Sedan,1443.6,5719.96,3.96
61,Female,QC,Truck,1654.36,8054.32,4.87
46,Male,MB,Van,725.8,7601.61,10.47
30,Female,BC,Truck,1362.29,1539.0,1.13
29,Female,QC,Sedan,1271.97,1492.49,1.17
48,Male,BC,Van,1715.81,2681.74,1.56
63,Female,MB,Truck,1840.35,3610.75,1.96
19,Male,ON,Truck,320.67,4084.56,12.74
68,Male,ON,Van,1445.83,6796.97,4.7
67,Female,QC,SUV,388.12,566.8,1.46
52,Male,AB,Van,1233.06,346.73,0.28
40,Female,QC,SUV,788.98,3919.11,4.97
34,Female,AB,Sedan,821.52,6971.64,8.49
43,Male,BC,Sedan,900.03,1934.35,2.15
25,Male,BC,Van,1356.2,6415.04,4.73
46,Male,MB,Van,867.88,2598.28,2.99
43,Male,AB,Sedan,1545.59,8860.86,5.73
27,Female,MB,SUV,987.7,8956.9,9.07
43,Female,ON,Sedan,416.2,2972.87,7.14
51,Male,AB,Van,1632.39,2299.94,1.41
68,Female,QC,Sedan,785.79,4113.04,5.23
58,Female,ON,Van,1035.7,2405.32,2.32
24,Female,ON,Van,1465.25,6723.84,4.59
21,Female,QC,Sedan,865.18,8260.65,9.55
67,Male,ON,SUV,396.2,6730.92,16.99
62,Male,AB,Truck,935.67,8243.5,8.81
28,Female,MB,Sedan,1905.56,3969.92,2.08
46,Male,ON,Truck,1390.95,1563.17,1.12
53,Male,AB,Sedan,1441.51,7379.51,5.12
42,Male,BC,Truck,1374.88,3604.75,2.62
38,Female,AB,SUV,638.29,6712.71,10.52
53,Female,MB,SUV,1011.17,2706.44,2.68
27,Female,AB,Sedan,1576.6,812.3,0.52
54,Male,QC,Van,472.33,9925.82,21.01
26,Female,MB,Truck,772.35,1562.02,2.02
41,Female,BC,Van,769.74,9884.21,12.84
52,Male,QC,Van,1034.43,9772.8,9.45
66,Female,AB,Van,1966.63,7938.18,4.04
52,Female,MB,SUV,414.75,6594.23,15.9
65,Male,BC,Sedan,1181.79,5778.07,4.89
53,Male,QC,Sedan,604.92,8661.02,14.32
35,Male,BC,SUV,1950.15,2894.4,1.48
66,Female,AB,SUV,492.62,4676.81,9.49
56,Female,BC,Sedan,986.12,6193.9,6.28
49,Female,ON,Van,1554.4,4111.9,2.65
41,Male,QC,Truck,1497.74,4274.86,2.85
40,Male,BC,Truck,1018.64,3302.85,3.24
49,Female,AB,Truck,889.09,5642.32,6.35
54,Female,AB,Van,975.94,8505.75,8.72
29,Male,BC,Sedan,749.27,2015.28,2.69
66,Male,AB,SUV,649.07,9344.33,14.4
30,Male,MB,Sedan,1121.17,6890.88,6.15
40,Male,MB,Van,756.51,8232.73,10.88
42,Female,MB,SUV,788.68,5561.91,7.05
52,Male,ON,Van,1416.49,7795.17,5.5
58,Female,BC,Truck,1946.51,162.0,0.08
47,Female,ON,Truck,1326.18,8183.8,6.17
34,Female,AB,Van,430.87,401.39,0.93
66,Male,ON,SUV,428.49,8899.13,20.77
37,Male,AB,SUV,1917.42,9919.63,5.17
65,Male,AB,Sedan,805.39,2940.67,3.65
42,Male,QC,Truck,456.51,2103.19,4.61
39,Female,MB,Sedan,1318.38,7653.63,5.81
30,Male,AB,Sedan,1360.2,2530.26,1.86
36,Male,QC,Van,1402.46,8655.62,6.17
66,Female,MB,Van,754.58,1028.43,1.36
53,Male,AB,Sedan,325.69,1259.55,3.87
29,Female,AB,Truck,1940.53,9791.52,5.05
58,Female,ON,Van,726.52,6738.39,9.27
36,Female,ON,Sedan,1449.24,8468.87,5.84
29,Female,MB,Sedan,1501.27,3243.29,2.16
26,Female,AB,Sedan,1337.01,6764.84,5.06
24,Female,BC,Sedan,831.94,5942.42,7.14
45,Female,ON,Sedan,760.86,6031.5,7.93
31,Female,MB,Sedan,1316.04,6825.32,5.19
48,Male,AB,Van,1772.36,5753.59,3.25
69,Male,AB,Truck,1909.45,4290.62,2.25
36,Male,BC,Sedan,480.04,2759.23,5.75
64,Male,MB,SUV,563.21,7685.81,13.65
33,Female,AB,Van,1906.05,2262.72,1.19
22,Male,ON,Van,1552.11,6923.54,4.46
52,Female,BC,Sedan,1801.09,2333.33,1.3
29,Male,MB,Van,644.48,6253.3,9.7
42,Male,BC,Sedan,1298.9,7470.78,5.75
69,Male,ON,Truck,1491.94,2187.14,1.47
38,Female,MB,Truck,1456.19,599.43,0.41
53,Male,BC,Van,993.86,1309.74,1.32
40,Female,QC,Van,326.17,6059.97,18.58
33,Female,ON,SUV,1290.97,8494.46,6.58
56,Male,ON,Van,730.27,449.97,0.62
62,Male,ON,SUV,1065.43,7341.51,6.89
59,Male,QC,Truck,1927.89,3413.19,1.77
56,Female,QC,Truck,978.36,4785.28,4.89
31,Male,AB,Sedan,1727.66,9288.6,5.38
48,Female,BC,Truck,620.52,3319.72,5.35
22,Female,AB,SUV,1443.18,4653.37,3.22
52,Male,BC,Van,1960.91,136.82,0.07
40,Male,QC,Sedan,473.22,815.99,1.72
46,Female,QC,SUV,314.14,2585.92,8.23
60,Female,AB,Van,1037.09,278.52,0.27
28,Female,MB,Sedan,457.46,6313.75,13.8
35,Male,AB,Truck,1572.25,4263.98,2.71
64,Female,BC,SUV,1854.73,5481.45,2.96
29,Male,AB,Van,1037.84,1746.47,1.68
26,Female,ON,Sedan,739.81,2959.32,4.0
27,Female,BC,Sedan,1038.49,6638.24,6.39
61,Male,BC,Truck,1529.86,9653.03,6.31
34,Female,MB,Van,315.39,504.17,1.6
55,Male,QC,Truck,1302.07,8903.84,6.84
24,Male,BC,Truck,1342.6,5768.81,4.3
63,Female,QC,Van,1384.07,5639.2,4.07
30,Male,AB,Van,711.44,5002.79,7.03
57,Male,ON,Van,1513.89,693.94,0.46
59,Female,MB,SUV,455.37,898.77,1.97
26,Male,QC,Van,638.76,6009.12,9.41
67,Male,BC,Sedan,1791.7,3409.59,1.9
44,Male,QC,Truck,1555.83,9172.68,5.9
19,Female,BC,SUV,323.37,4065.91,12.57
22,Male,QC,Van,722.24,1432.81,1.98
46,Female,BC,SUV,664.49,7147.19,10.76
54,Female,AB,Van,760.37,2933.53,3.86
55,Male,BC,SUV,720.85,5254.7,7.29
36,Male,BC,Truck,406.29,6978.33,17.18
25,Male,ON,Truck,1080.2,9002.64,8.33
65,Female,BC,Sedan,1545.65,7921.91,5.13
62,Male,ON,Sedan,1331.44,6763.61,5.08
18,Male,MB,Van,1443.88,6796.33,4.71
39,Male,ON,Truck,437.95,9459.25,21.6
69,Male,AB,SUV,1917.53,2958.24,1.54
34,Male,ON,SUV,1725.44,11.12,0.01
24,Female,MB,SUV,1668.65,2719.55,1.63
42,Female,AB,Sedan,1699.07,2178.91,1.28
62,Male,QC,SUV,1885.61,6618.35,3.51
21,Male,QC,Sedan,1225.23,6337.12,5.17
53,Male,ON,Sedan,640.48,5934.61,9.27
23,Male,ON,Van,1348.53,162.43,0.12
48,Female,MB,SUV,1562.9,7287.78,4.66
36,Male,MB,SUV,1554.46,3235.3,2.08
61,Female,BC,Truck,1186.46,6650.56,5.61
56,Female,MB,Van,416.38,5565.78,13.37
44,Male,BC,Truck,930.89,3427.31,3.68
27,Female,AB,Van,1865.3,1345.76,0.72
43,Female,ON,SUV,1293.56,944.19,0.73
36,Female,AB,Sedan,1215.16,8315.18,6.84
56,Female,MB,Sedan,757.05,9183.98,12.13
20,Male,AB,Sedan,926.36,6497.88,7.01
62,Male,AB,Sedan,1822.09,1034.34,0.57
30,Female,AB,Sedan,1432.99,4020.27,2.81
67,Male,MB,Truck,1638.56,7289.39,4.45
45,Male,AB,Van,1072.39,7798.21,7.27
37,Male,BC,SUV,1371.42,1182.19,0.86
45,Male,MB,Truck,722.25,0.31,0.0
25,Male,AB,Van,1499.28,7121.37,4.75
58,Female,MB,Sedan,1026.92,3565.96,3.47
56,Male,QC,Van,1052.33,2544.81,2.42
18,Male,BC,Van,1403.85,128.97,0.09
20,Male,AB,Sedan,1891.68,5402.99,2.86
30,Male,QC,Sedan,408.81,8511.51,20.82
45,Female,QC,Sedan,1702.06,9576.32,5.63
66,Female,MB,SUV,797.05,5657.45,7.1
42,Female,QC,Sedan,1054.66,5144.61,4.88
50,Female,BC,SUV,337.25,850.56,2.52
55,Male,BC,Sedan,811.78,5488.73,6.76
23,Female,ON,SUV,1154.47,3799.79,3.29
61,Male,BC,Van,395.5,6071.35,15.35
62,Male,QC,Truck,1134.86,3887.26,3.43
49,Male,BC,Van,1876.09,2402.99,1.28
62,Male,MB,Van,479.17,949.65,1.98
64,Male,ON,Sedan,1599.55,3149.18,1.97
38,Female,QC,SUV,996.44,966.45,0.97
33,Female,ON,Truck,1413.8,1768.97,1.25
38,Female,QC,Sedan,742.4,9873.36,13.3
28,Female,MB,Sedan,571.14,4441.04,7.78
54,Male,ON,Sedan,572.79,5318.72,9.29
53,Female,AB,Van,419.84,8736.19,20.81
52,Male,QC,SUV,615.6,9955.69,16.17
36,Female,AB,SUV,1429.17,5827.14,4.08
37,Male,ON,Truck,1798.87,8124.74,4.52
35,Male,AB,SUV,1684.01,3269.41,1.94
64,Female,AB,SUV,1464.73,3057.44,2.09
58,Male,ON,Sedan,487.73,4027.04,8.26
66,Male,MB,Sedan,791.62,6725.07,8.5
31,Female,AB,Van,826.67,6821.92,8.25
32,Male,AB,Sedan,724.93,3152.39,4.35
48,Female,MB,Sedan,1175.51,1332.1,1.13
18,Female,AB,Sedan,1210.44,6323.96,5.22
20,Female,AB,Sedan,906.71,1283.26,1.42
33,Male,AB,Van,901.44,5784.93,6.42
40,Male,BC,Sedan,1708.54,6934.22,4.06
28,Male,MB,Truck,1641.8,7006.11,4.27
29,Female,AB,Truck,823.25,7534.72,9.15
27,Male,MB,Truck,1853.44,8728.59,4.71
49,Female,QC,Truck,1919.79,4999.59,2.6
33,Female,QC,Sedan,855.46,7302.49,8.54
25,Male,AB,Truck,902.52,6191.73,6.86
55,Female,MB,Sedan,1159.58,1866.4,1.61
29,Male,MB,Van,1899.91,256.9,0.14
41,Male,MB,Truck,1789.74,2845.41,1.59
45,Male,BC,SUV,474.37,4430.34,9.34
25,Male,QC,Truck,967.64,6171.06,6.38
45,Male,MB,Truck,1240.73,8499.59,6.85
53,Female,MB,Sedan,1155.33,1962.46,1.7
43,Female,BC,Truck,629.57,1255.5,1.99
25,Female,BC,SUV,1759.99,9634.8,5.47
67,Male,MB,Sedan,1450.8,1080.45,0.74
45,Male,ON,Sedan,1724.44,4784.91,2.77
45,Male,MB,Van,1759.9,5855.64,3.33
54,Female,MB,Van,1572.2,5413.74,3.44
58,Male,BC,Truck,1046.66,860.32,0.82
53,Female,BC,Van,1337.93,570.27,0.43
44,Female,MB,Van,572.62,1054.83,1.84
34,Male,MB,Van,1445.2,5855.88,4.05
26,Male,MB,Sedan,604.73,5443.45,9.0
50,Female,BC,Sedan,1479.71,2337.41,1.58
37,Male,MB,Sedan,690.32,6377.74,9.24
30,Female,MB,Van,499.84,8200.68,16.41
45,Male,AB,Sedan,580.98,415.79,0.72
65,Male,ON,Van,303.39,4981.3,16.42
46,Female,QC,Sedan,1521.86,6893.1,4.53
30,Male,ON,Sedan,1545.08,2523.12,1.63
63,Female,AB,SUV,1175.39,3077.71,2.62
52,Male,QC,Truck,574.32,6136.38,10.68
23,Female,MB,Van,442.04,8979.35,20.31
35,Female,AB,SUV,332.52,8099.24,24.36
68,Male,MB,Sedan,581.77,5831.3,10.02
22,Female,BC,Van,1814.45,7302.22,4.02
64,Male,AB,Sedan,710.61,3648.22,5.13
42,Male,BC,Truck,902.26,6409.66,7.1
19,Male,AB,SUV,479.09,4661.82,9.73
27,Female,AB,Truck,678.01,1899.36,2.8
47,Female,BC,SUV,1182.68,7017.38,5.93
67,Male,QC,Sedan,1333.18,5564.65,4.17
62,Male,ON,Truck,717.1,3586.22,5.0
22,Female,MB,Truck,398.14,9113.39,22.89
50,Male,AB,Sedan,964.76,209.34,0.22
18,Male,MB,Truck,698.15,3157.73,4.52
35,Female,BC,Van,673.24,568.81,0.84
49,Male,MB,SUV,1931.77,7665.27,3.97
64,Female,BC,SUV,1347.71,7021.07,5.21
66,Male,MB,SUV,1246.69,3313.52,2.66
28,Female,ON,Van,1006.82,6756.63,6.71
38,Male,ON,SUV,1029.21,3959.37,3.85
43,Male,ON,Sedan,1219.54,7562.54,6.2
42,Female,ON,Truck,1483.93,4541.84,3.06
39,Male,ON,Van,1493.65,4122.8,2.76
44,Female,ON,SUV,591.88,9347.3,15.79
66,Male,BC,Sedan,1150.19,2508.79,2.18
30,Female,AB,Truck,1000.33,1204.47,1.2
50,Female,MB,Truck,1779.9,5845.43,3.28
51,Female,ON,Van,1373.41,9693.22,7.06
58,Female,BC,Van,1205.26,3778.39,3.13
52,Male,BC,Van,496.17,620.37,1.25
18,Male,BC,Sedan,1329.58,3393.05,2.55
38,Female,AB,Sedan,499.25,5059.32,10.13
65,Female,MB,Van,873.25,1619.23,1.85
23,Female,AB,SUV,542.83,6581.02,12.12
45,Male,QC,Truck,1476.53,9977.49,6.76
34,Male,BC,Truck,650.63,4517.39,6.94
22,Male,QC,Sedan,966.16,3547.29,3.67
48,Male,ON,Truck,1822.65,4007.04,2.2
22,Female,ON,SUV,647.34,1151.46,1.78
55,Female,AB,Truck,1163.27,8832.74,7.59
20,Female,MB,Sedan,1012.76,4148.26,4.1
40,Male,QC,Sedan,330.81,3872.74,11.71
54,Male,MB,SUV,1647.69,6596.9,4.0
54,Male,AB,SUV,417.38,4420.33,10.59
27,Female,ON,Truck,1106.23,6482.33,5.86
27,Female,MB,Truck,1253.15,614.46,0.49
36,Male,MB,Sedan,1368.32,8137.23,5.95
34,Female,ON,SUV,1470.67,9405.04,6.4
38,Male,QC,SUV,730.56,6487.65,8.88
31,Male,ON,SUV,316.96,9545.66,30.12
26,Female,MB,Truck,1529.85,1514.32,0.99
63,Male,QC,SUV,1210.62,4774.16,3.94
18,Female,QC,Sedan,1721.4,6018.07,3.5
68,Male,ON,Sedan,1696.36,5817.37,3.43
62,Female,MB,Truck,1733.65,4014.62,2.32
30,Female,AB,Van,1124.66,3380.84,3.01
21,Female,MB,Truck,867.17,1268.24,1.46
18,Male,BC,Van,1645.65,3917.42,2.38
66,Male,AB,SUV,1067.2,1626.61,1.52
57,Female,QC,Truck,611.85,7343.66,12.0
49,Female,AB,Sedan,1753.46,2088.31,1.19
51,Male,QC,SUV,1800.35,585.65,0.33
45,Male,QC,Sedan,1092.73,5523.66,5.05
48,Male,AB,SUV,428.69,5952.3,13.88
25,Female,QC,Truck,959.3,8719.13,9.09
56,Male,QC,Van,1666.01,5769.82,3.46
43,Male,BC,SUV,1833.02,3454.81,1.88
51,Female,MB,Van,645.9,8030.12,12.43
20,Male,MB,SUV,413.86,5402.79,13.05
67,Male,BC,Sedan,1791.5,792.8,0.44
29,Male,AB,Sedan,961.99,5658.51,5.88
18,Female,ON,SUV,1220.99,9080.19,7.44
61,Female,ON,Van,1945.71,3963.13,2.04
22,Female,ON,Truck,413.16,2963.26,7.17
47,Female,BC,Truck,1402.14,1434.69,1.02
47,Female,BC,Sedan,425.98,1514.46,3.56
34,Female,QC,Truck,938.3,4327.71,4.61
65,Female,ON,Sedan,1666.48,5956.8,3.57
64,Male,AB,Truck,1036.9,806.15,0.78
40,Male,AB,SUV,1995.21,9395.69,4.71
32,Female,ON,Sedan,1250.4,7551.34,6.04
54,Male,ON,Sedan,845.98,5866.24,6.93
38,Male,ON,SUV,674.19,8284.39,12.29
31,Female,BC,Sedan,895.88,801.87,0.9
19,Male,BC,Truck,933.31,4768.39,5.11
28,Male,BC,Truck,416.81,6300.93,15.12
68,Male,MB,Sedan,928.28,8286.53,8.93
56,Male,AB,Truck,1089.21,7834.7,7.19
55,Male,AB,Van,1528.65,2770.69,1.81
51,Female,QC,Sedan,1416.44,9408.8,6.64
55,Female,BC,SUV,1504.9,1243.46,0.83
67,Female,MB,Van,314.22,8751.34,27.85
51,Male,MB,Sedan,670.03,9709.4,14.49
35,Female,AB,SUV,1424.86,1771.54,1.24
47,Male,BC,Truck,1122.78,7220.66,6.43
32,Male,QC,SUV,309.03,402.86,1.3
44,Male,BC,Van,1667.64,4054.23,2.43
68,Male,ON,Truck,1613.78,5162.83,3.2
51,Female,BC,Sedan,1232.31,5806.45,4.71
69,Female,ON,Truck,412.99,9359.37,22.66
55,Male,ON,Sedan,1603.08,6722.51,4.19
50,Female,QC,Sedan,1292.31,4812.78,3.72
41,Male,AB,SUV,1629.33,8096.75,4.97
32,Female,BC,SUV,1577.97,9505.33,6.02
47,Female,ON,SUV,1665.1,220.66,0.13
59,Male,BC,Van,1180.61,9825.21,8.32
68,Female,AB,Van,538.55,861.32,1.6
34,Male,AB,SUV,1440.97,8143.87,5.65
22,Female,MB,Van,1354.81,2803.35,2.07
46,Male,AB,Truck,1561.83,1321.8,0.85
21,Male,QC,Truck,588.8,4398.56,7.47
27,Female,ON,Van,631.46,6439.57,10.2
34,Female,MB,Van,1813.7,3809.52,2.1
27,Male,QC,Truck,1574.96,545.65,0.35
34,Female,BC,Sedan,1843.99,5994.61,3.25
37,Female,ON,Truck,1589.82,9024.03,5.68
41,Male,AB,Truck,1315.16,3832.15,2.91
22,Male,ON,Van,1412.03,2163.33,1.53
51,Female,BC,Truck,1811.52,4425.77,2.44
23,Male,MB,Van,1283.97,483.63,0.38
19,Male,MB,Van,1375.07,8204.88,5.97
30,Male,MB,SUV,566.01,8263.41,14.6
60,Female,AB,Truck,1105.67,5880.0,5.32
60,Female,QC,Sedan,1517.88,3531.03,2.33
65,Male,QC,SUV,760.6,7997.83,10.52
28,Female,ON,Van,643.83,5546.87,8.62
68,Male,AB,Van,833.51,8259.32,9.91
64,Female,MB,Sedan,710.55,6314.59,8.89
40,Male,MB,Van,665.35,7844.05,11.79
33,Male,BC,Truck,1022.25,5985.63,5.86
48,Female,BC,SUV,1843.33,4141.41,2.25
28,Male,MB,Van,1162.0,9579.46,8.24
33,Female,MB,Van,619.46,5411.14,8.74
25,Female,AB,Sedan,430.85,6050.9,14.04
21,Male,QC,Truck,1483.47,2204.88,1.49
57,Male,BC,Van,950.76,6256.51,6.58
21,Female,QC,Sedan,1697.11,5716.08,3.37
42,Male,AB,Van,1421.17,1848.38,1.3
20,Male,MB,Sedan,1653.61,595.87,0.36
49,Male,QC,Sedan,762.31,6043.59,7.93
20,Male,MB,Truck,1477.01,7636.92,5.17
44,Male,MB,Van,748.91,5234.01,6.99
46,Female,ON,Truck,1896.42,2267.73,1.2
49,Female,QC,Sedan,1381.84,6665.22,4.82
67,Male,QC,SUV,851.67,801.06,0.94
68,Male,MB,Van,758.17,4418.34,5.83
36,Male,AB,SUV,624.58,1633.67,2.62
38,Female,ON,Van,1480.89,1844.59,1.25
22,Male,MB,Truck,671.82,2022.94,3.01
35,Female,BC,Truck,1312.02,3867.07,2.95
45,Female,BC,Truck,749.88,511.5,0.68
59,Female,ON,Truck,1425.35,3977.93,2.79
39,Male,AB,Truck,1685.4,5117.07,3.04
38,Female,MB,SUV,1622.64,4832.94,2.98
23,Male,QC,Truck,1593.45,3827.84,2.4
18,Female,ON,Sedan,619.13,8391.47,13.55
22,Male,AB,Sedan,450.25,1453.27,3.23
58,Female,QC,SUV,1488.21,5056.97,3.4
29,Male,BC,Van,926.19,620.41,0.67
43,Female,BC,Sedan,1034.99,711.56,0.69
63,Male,QC,Van,352.95,5738.66,16.26
51,Male,ON,SUV,741.28,5660.18,7.64
66,Male,BC,Van,357.25,8780.34,24.58
31,Male,MB,Van,1794.62,5578.74,3.11
43,Female,QC,Van,713.77,9597.91,13.45
62,Female,QC,Van,1247.47,486.95,0.39
44,Male,BC,SUV,366.26,980.08,2.68
26,Female,ON,Sedan,1433.64,440.66,0.31
43,Male,MB,Truck,849.15,1852.77,2.18
64,Male,ON,Van,1826.46,5412.7,2.96
39,Female,AB,Sedan,1809.8,6455.72,3.57
64,Male,AB,Sedan,852.99,455.85,0.53
47,Male,BC,SUV,1831.63,9459.71,5.16
60,Female,BC,Sedan,1993.47,8421.65,4.22
65,Male,BC,SUV,1703.21,2966.12,1.74
34,Male,AB,Van,1736.28,771.88,0.44
43,Male,ON,Van,723.31,1698.87,2.35
53,Male,ON,Truck,1280.39,1269.44,0.99
18,Female,BC,Truck,414.34,1232.84,2.98
25,Female,MB,Truck,461.36,5185.62,11.24
66,Female,ON,Sedan,1998.12,2458.47,1.23
52,Male,AB,Van,855.29,3581.4,4.19
69,Male,QC,SUV,1571.91,9895.05,6.29
32,Female,QC,Truck,1671.33,6843.14,4.09
64,Male,QC,SUV,1758.64,9489.81,5.4
39,Male,MB,SUV,1995.97,1425.57,0.71
31,Male,BC,Truck,710.54,3821.39,5.38
43,Male,AB,Van,368.6,5547.32,15.05
45,Female,MB,Truck,999.03,767.58,0.77
40,Female,AB,SUV,521.14,41.87,0.08
31,Female,AB,Truck,338.12,6704.34,19.83
41,Male,BC,SUV,912.73,6418.2,7.03
19,Female,QC,SUV,1632.36,4107.89,2.52
62,Female,BC,Truck,1262.51,4896.44,3.88
43,Male,MB,Sedan,831.72,4154.43,4.99
31,Male,MB,Truck,1412.38,240.05,0.17
68,Female,MB,Sedan,694.43,3353.72,4.83
24,Female,BC,SUV,324.45,1770.82,5.46
20,Female,AB,SUV,1599.4,984.24,0.62
64,Female,AB,Sedan,1360.36,9567.2,7.03
40,Male,ON,SUV,1595.91,5993.6,3.76
63,Female,MB,Sedan,366.19,7286.56,19.9
60,Female,AB,Sedan,1723.1,3153.64,1.83
64,Male,ON,SUV,1353.19,3931.47,2.91
62,Female,AB,Van,1257.77,2369.24,1.88
35,Male,MB,Sedan,1361.84,969.66,0.71
55,Male,QC,Truck,1769.54,1790.32,1.01
